First_Name,Last_Name,Insurance_Company,Version
James,Butt,"Benton, John B Jr",1
Josephine,Darakjy,"Chanay, Jeffrey A Esq",2
Art,Venere,"Chemel, James L Cpa",3
Lenna,Paprocki,Feltz Printing Service,4
Donette,Foller,Printing Dimensions,5
Simona,Morasca,"Chapman, Ross E Esq",6
Mitsue,Tollner,Morlong Associates,7
Leota,Dilliard,Commercial Press,8
Sage,Wieser,Truhlar And Truhlar Attys,9
Kris,Marrier,"King, Christopher A Esq",10
Minna,Amigon,"Dorl, James J Esq",11
Abel,Maclead,Rangoni Of Florence,12
Kiley,Caldarera,Feiner Bros,13
Graciela,Ruta,Buckley Miller & Wright,14
Cammy,Albares,"Rousseaux, Michael Esq",15
Mattie,Poquette,Century Communications,16
Meaghan,Garufi,"Bolton, Wilbur Esq",17
Gladys,Rim,T M Byxbee Company Pc,18
Yuki,Whobrey,Farmers Insurance Group,19
Fletcher,Flosi,Post Box Services Plus,20
Bette,Nicka,Sport En Art,21
Veronika,Inouye,C 4 Network Inc,22
Willard,Kolmetz,"Ingalls, Donald R Esq",23
Maryann,Royster,"Franklin, Peter L Esq",24
Alisha,Slusarski,Wtlz Power 107 Fm,25
Allene,Iturbide,"Ledecky, David Esq",26
Chanel,Caudy,Professional Image Inc,27
Ezekiel,Chui,"Sider, Donald C Esq",28
Willow,Kusko,U Pull It,29
Bernardo,Figeroa,"Clark, Richard Cpa",30
Ammie,Corrio,"Moskowitz, Barry S",31
Francine,Vocelka,Cascade Realty Advisors Inc,32
Ernie,Stenseth,Knwz Newsradio,33
Albina,Glick,"Giampetro, Anthony D",34
Alishia,Sergi,Milford Enterprises Inc,35
Solange,Shinko,"Mosocco, Ronald A",36
Jose,Stockham,Tri State Refueler Co,37
Rozella,Ostrosky,Parkway Company,38
Valentine,Gillian,Fbs Business Finance,39
Kati,Rulapaugh,Eder Assocs Consltng Engrs Pc,40
Youlanda,Schemmer,Tri M Tool Inc,41
Dyan,Oldroyd,International Eyelets Inc,42
Roxane,Campain,Rapid Trading Intl,43
Lavera,Perin,Abc Enterprises Inc,44
Erick,Ferencz,Cindy Turner Associates,45
Fatima,Saylors,"Stanton, James D Esq",46
Jina,Briddick,Grace Pastries Inc,47
Kanisha,Waycott,"Schroer, Gene E Esq",48
Emerson,Bowley,Knights Inn,49
Blair,Malet,Bollinger Mach Shp & Shipyard,50
Brock,Bolognia,Orinda News,51
Lorrie,Nestle,Ballard Spahr Andrews,52
Sabra,Uyetake,Lowy Limousine Service,53
Marjory,Mastella,Vicon Corporation,54
Karl,Klonowski,"Rossi, Michael M",55
Tonette,Wenner,Northwest Publishing,56
Amber,Monarrez,Branford Wire & Mfg Co,57
Shenika,Seewald,East Coast Marketing,58
Delmy,Ahle,Wye Technologies Inc,59
Deeanna,Juhas,"Healy, George W Iv",60
Blondell,Pugh,Alpenlite Inc,61
Jamal,Vanausdal,"Hubbard, Bruce Esq",62
Cecily,Hollack,Arthur A Oliver & Son Inc,63
Carmelina,Lindall,George Jessop Carter Jewelers,64
Maurine,Yglesias,"Schultz, Thomas C Md",65
Tawna,Buvens,H H H Enterprises Inc,66
Penney,Weight,Hawaiian King Hotel,67
Elly,Morocco,Killion Industries,68
Ilene,Eroman,"Robinson, William J Esq",69
Vallie,Mondella,Private Properties,70
Kallie,Blackwood,Rowley Schlimgen Inc,71
Johnetta,Abdallah,Forging Specialties,72
Bobbye,Rhym,"Smits, Patricia Garity",73
Micaela,Rhymes,H Lee Leonard Attorney At Law,74
Tamar,Hoogland,A K Construction Co,75
Moon,Parlato,"Ambelang, Jessica M Md",76
Laurel,Reitler,Q A Service,77
Delisa,Crupi,Wood & Whitacre Contractors,78
Viva,Toelkes,Mark Iv Press Ltd,79
Elza,Lipke,Museum Of Science & Industry,80
Devorah,Chickering,Garrison Ind,81
Timothy,Mulqueen,Saronix Nymph Products,82
Arlette,Honeywell,Smc Inc,83
Dominque,Dickerson,E A I Electronic Assocs Inc,84
Lettie,Isenhower,"Conte, Christopher A Esq",85
Myra,Munns,Anker Law Office,86
Stephaine,Barfield,Beutelschies & Company,87
Lai,Gato,"Fligg, Kenneth I Jr",88
Stephen,Emigh,"Sharp, J Daniel Esq",89
Tyra,Shields,"Assink, Anne H Esq",90
Tammara,Wardrip,Jewel My Shop Inc,91
Cory,Gibes,Chinese Translation Resources,92
Danica,Bruschke,"Stevens, Charles T",93
Wilda,Giguere,"Mclaughlin, Luther W Cpa",94
Elvera,Benimadho,Tree Musketeers,95
Carma,Vanheusen,Springfield Div Oh Edison Co,96
Malinda,Hochard,Logan Memorial Hospital,97
Natalie,Fern,"Kelly, Charles G Esq",98
Lisha,Centini,Industrial Paper Shredders Inc,99